Keyword,Score
gacor,15
maxwin,15
rtp live,15
pola slot,12
jam hoki,12
situs slot,10
anti rungkad,10
slot gacor,15
judi online,15
slot,8
slots,8
pragmatic play,8
pg soft,8
deposit,6
depo,6
withdraw,6
wd,6
agen,5
situs,5
bandar,5
scatter,7
jackpot,7
terpercaya,4
resmi,4
daftar,3
login,3
bonus,3
member,3
hoki,2
game,1
online,1
cepat,2
titan777,12
988slot,12
btv168,10
gacha168,12
tiket100,10
multibet88,12
gacor108,15
titan331,12
spinbet99,15
jostoto,12
pagodagacor,15
mami188,10
homebet88,12
toto,8
rtp,10
bet,15
slot123,15
toto22,15
slot gacor titan777.com,15
situs gacor 988slot.com,15
link gacor titan777,15
slot btv168,15
slot gacor titan777,15
slot gacha168,15
slot gacor btv168,15
situs gacor titan777,15
situs gacor titan777.com,15
slot online tiket100-login.com,15
link gacor titan777.com,15
multibet88,15
gacor108 slot,15
slot gacor titan331.com,15
spinbet99,15
rtp jostoto,15
slot pagodagacor,15
mami188,15
slot 888 gacor,15
homebet88,15
kongbet,15
totonavi,15
kingbet,15